DateTime,Date,Time,Step Count,Distance,Energy Burned,Flights Climbed,Walking Double Support Percentage,Walking Speed,Hour,DayOfWeek,EnergyPerStep,TimeOfDay,ActivityLevel
2023-03-21 16:01:23,2023-03-21,16:01:23 ,46,0.02543,14.62,3,0.304,3.06,16,1,0.31782608004725915,Afternoon,Medium
2023-03-21 16:18:37,2023-03-21,16:18:37 ,645,0.40041,14.722,3,0.309,3.852,16,1,0.02282480616616309,Afternoon,High
2023-03-21 16:31:38,2023-03-21,16:31:38 ,14,0.00996,14.603,4,0.278,3.996,16,1,1.043071354066332,Afternoon,Low
2023-03-21 16:45:37,2023-03-21,16:45:37 ,13,0.00901,14.811,3,0.278,5.04,16,1,1.139307604668646,Afternoon,Low
2023-03-21 17:10:30,2023-03-21,17:10:30 ,17,0.00904,15.153,3,0.281,5.184,17,1,0.8913528887439477,Evening,Low
2023-03-21 18:14:45,2023-03-21,18:14:45 ,8,0.0056,14.958,3,0.301,5.04,18,1,1.8697497662812794,Evening,Low
2023-03-21 19:02:31,2023-03-21,19:02:31 ,564,0.36089,13.709,3,0.289,4.464,19,1,0.02430673754555543,Evening,High
2023-03-21 19:10:51,2023-03-21,19:10:51 ,153,0.09493,14.86,3,0.307,4.788,19,1,0.09712418237173737,Evening,Medium
2023-03-21 19:20:57,2023-03-21,19:20:57 ,16,0.01074,16.804,3,0.314,4.068,19,1,1.050249934359379,Evening,Low
2023-03-21 21:04:23,2023-03-21,21:04:23 ,22,0.01526,14.564,3,0.293,3.816,21,1,0.6619999699090923,Night,Low
2023-03-21 21:25:23,2023-03-21,21:25:23 ,16,0.0072,13.13,1,0.283,4.572,21,1,0.8206249487109407,Night,Low
2023-03-22 00:32:15,2023-03-22,00:32:15 ,37,0.01855,13.693,3,0.272,4.896,0,2,0.37008107107889,Night,Medium
2023-03-22 01:20:54,2023-03-22,01:20:54 ,14,0.01026,14.177,1,0.276,1.728,1,2,1.0126427848112296,Night,Low
2023-03-22 08:22:57,2023-03-22,08:22:57 ,22,0.01276,14.395,3,0.271,5.148,8,2,0.6543181520764476,Morning,Low
2023-03-22 10:34:49,2023-03-22,10:34:49 ,206,0.14214,10.861,1,0.291,4.968,10,2,0.05272330071493544,Morning,Medium
2023-03-22 10:52:38,2023-03-22,10:52:38 ,44,0.03036,14.851,3,0.319,5.184,10,2,0.3375227196017564,Morning,Medium
2023-03-22 13:04:47,2023-03-22,13:04:47 ,122,0.08541,14.124,1,0.273,4.572,13,2,0.11577049085434024,Afternoon,Medium
2023-03-22 13:42:14,2023-03-22,13:42:14 ,839,0.60459,14.17,3,0.319,3.456,13,2,0.016889153734339506,Afternoon,High
2023-03-22 13:42:14,2023-03-22,13:42:14 ,118,0.08607,12.49,1,0.298,2.304,13,2,0.1058474567301063,Afternoon,Medium
2023-03-22 13:55:27,2023-03-22,13:55:27 ,590,0.37101,15.871,3,0.315,2.376,13,2,0.02689999995440678,Afternoon,High
2023-03-22 14:14:39,2023-03-22,14:14:39 ,425,0.27507,15.384,3,0.322,2.016,14,2,0.036197646973652596,Afternoon,High
2023-03-22 14:52:20,2023-03-22,14:52:20 ,260,0.17774,20.497,3,0.321,4.968,14,2,0.07883461508140532,Afternoon,High
2023-03-22 14:57:40,2023-03-22,14:57:40 ,838,0.53206,14.519,1,0.326,4.392,14,2,0.017325775635649434,Afternoon,High
2023-03-22 15:15:35,2023-03-22,15:15:35 ,959,0.59911,14.422,3,0.32,4.644,15,2,0.01503858184041858,Afternoon,High
2023-03-22 15:23:52,2023-03-22,15:23:52 ,89,0.06556,14.652,3,0.324,1.692,15,2,0.16462921163337965,Afternoon,Medium
2023-03-22 15:40:24,2023-03-22,15:40:24 ,472,0.29817,14.793,3,0.331,3.528,15,2,0.03134110162851461,Afternoon,High
2023-03-22 15:45:00,2023-03-22,15:45:00 ,117,0.07109,16.204,1,0.314,4.104,15,2,0.13849572531200235,Afternoon,Medium
2023-03-22 16:13:03,2023-03-22,16:13:03 ,30,0.01634,12.064,3,0.353,3.708,16,2,0.40213331992888934,Afternoon,Low
2023-03-22 16:59:35,2023-03-22,16:59:35 ,492,0.31219,31.105,2,0.326,4.068,16,2,0.06322154458694808,Afternoon,High
2023-03-22 17:06:48,2023-03-22,17:06:48 ,431,0.26924,17.051,1,0.321,4.14,17,2,0.039561484827003515,Evening,High
2023-03-22 17:17:33,2023-03-22,17:17:33 ,502,0.31676,13.758,4,0.297,3.708,17,2,0.027406374447397658,Evening,High
2023-03-22 17:27:35,2023-03-22,17:27:35 ,708,0.44806,15.203,3,0.299,3.168,17,2,0.021473163811478582,Evening,High
2023-03-22 18:02:17,2023-03-22,18:02:17 ,587,0.36479,15.006,1,0.321,2.268,18,2,0.025563884113179072,Evening,High
2023-03-22 18:11:29,2023-03-22,18:11:29 ,496,0.3112,14.777,3,0.308,3.348,18,2,0.02979233864961222,Evening,High
2023-03-22 18:19:35,2023-03-22,18:19:35 ,395,0.26146,20.057,3,0.296,3.492,18,2,0.0507772150613235,Evening,High
2023-03-22 18:29:34,2023-03-22,18:29:34 ,401,0.25999,11.351,3,0.299,3.348,18,2,0.02830673309649194,Evening,High
2023-03-22 19:00:43,2023-03-22,19:00:43 ,384,0.25378,10.345,3,0.308,2.88,19,2,0.026940104096510147,Evening,High
2023-03-22 19:07:33,2023-03-22,19:07:33 ,161,0.47598,15.203,3,0.302,2.7,19,2,0.09442857084205857,Evening,Medium
2023-03-22 19:15:01,2023-03-22,19:15:01 ,736,0.15439,14.934,3,0.311,2.844,19,2,0.02029076084199625,Evening,High
2023-03-22 19:25:32,2023-03-22,19:25:32 ,142,0.07679,14.918,3,0.337,3.276,19,2,0.10505633728833565,Evening,Medium
2023-03-22 23:29:50,2023-03-22,23:29:50 ,10,0.0069,13.872,3,0.344,2.16,23,2,1.387199861280014,Night,Low
2023-03-23 09:15:52,2023-03-23,09:15:52 ,17,0.00879,14.395,3,0.321,3.348,9,3,0.8467646560726673,Morning,Low
2023-03-23 16:51:23,2023-03-23,16:51:23 ,675,0.47259,14.928,3,0.328,3.528,16,3,0.02211555552279177,Afternoon,High
2023-03-23 17:01:33,2023-03-23,17:01:33 ,58,0.03906,13.585,2,0.31,4.212,17,3,0.23422413389268737,Evening,Medium
2023-03-23 17:23:21,2023-03-23,17:23:21 ,27,0.01873,13.76,3,0.326,4.212,17,3,0.5096296107544588,Evening,Low
2023-03-23 19:00:57,2023-03-23,19:00:57 ,8,0.00584,14.052,1,0.318,3.6,19,3,1.7564997804375275,Evening,Low
2023-03-23 20:11:46,2023-03-23,20:11:46 ,6,0.0042,15.445,1,0.285,3.744,20,3,2.5741662376389605,Evening,Low
2023-03-23 20:52:19,2023-03-23,20:52:19 ,56,0.03888,14.389,3,0.271,3.42,20,3,0.2569464239830996,Evening,Medium
2023-03-23 22:53:29,2023-03-23,22:53:29 ,26,0.01828,13.87,3,0.34,4.032,22,3,0.5334615179437877,Night,Low
2023-03-24 14:20:45,2023-03-24,14:20:45 ,81,0.05595,13.804,3,0.334,4.428,14,4,0.17041975098247222,Afternoon,Medium
2023-03-24 16:26:41,2023-03-24,16:26:41 ,6,0.00414,14.914,3,0.317,4.356,16,4,2.485666252388958,Afternoon,Low
2023-03-24 16:51:38,2023-03-24,16:51:38 ,50,0.03425,13.831,3,0.309,4.104,16,4,0.2766199944676001,Afternoon,Medium
2023-03-24 19:02:12,2023-03-24,19:02:12 ,1,0.00046,14.796,3,0.292,4.14,19,4,14.795985204014796,Evening,Low
2023-03-24 20:11:48,2023-03-24,20:11:48 ,236,0.14723,13.722,1,0.285,3.816,20,4,0.058144067550237,Evening,High
2023-03-24 22:12:26,2023-03-24,22:12:26 ,14,0.01037,20.545,3,0.307,2.772,22,4,1.4674998951785792,Night,Low
2023-03-25 13:11:57,2023-03-25,13:11:57 ,78,0.04892,15.109,3,0.33,2.628,13,5,0.19370512572172915,Afternoon,Medium
2023-03-25 15:14:00,2023-03-25,15:14:00 ,96,0.06624,16.841,3,0.334,3.456,15,5,0.17542708150596792,Afternoon,Medium
2023-03-25 15:38:12,2023-03-25,15:38:12 ,132,0.09116,14.808,3,0.284,3.42,15,5,0.11218181733195592,Afternoon,Medium
2023-03-25 17:08:09,2023-03-25,17:08:09 ,33,0.02279,14.922,3,0.33,3.816,17,5,0.4521818044793393,Evening,Low
2023-03-25 18:46:46,2023-03-25,18:46:46 ,504,0.35053,14.564,3,0.288,3.24,18,5,0.028896825339490426,Evening,High
2023-03-25 18:58:27,2023-03-25,18:58:27 ,60,0.04182,14.191,3,0.278,3.384,18,5,0.2365166627247223,Evening,Medium
2023-03-25 19:10:59,2023-03-25,19:10:59 ,54,0.03719,16.621,1,0.276,2.124,19,5,0.307796290596365,Evening,Medium
2023-03-25 19:27:00,2023-03-25,19:27:00 ,77,0.05559,14.218,1,0.279,5.004,19,5,0.18464934825130716,Evening,Medium
2023-03-25 23:24:27,2023-03-25,23:24:27 ,19,0.01248,14.268,3,0.281,4.608,23,5,0.750947328897509,Night,Low
2023-03-26 07:07:48,2023-03-26,07:07:48 ,24,0.0167,15.38,3,0.273,5.148,7,6,0.6408333066319456,Morning,Low
2023-03-26 15:53:25,2023-03-26,15:53:25 ,91,0.0629,13.198,2,0.275,2.628,15,6,0.1450329654391982,Afternoon,Medium
2023-03-26 16:08:01,2023-03-26,16:08:01 ,16,0.01104,14.754,2,0.278,2.592,16,6,0.922124942367191,Afternoon,Low
2023-03-26 17:24:18,2023-03-26,17:24:18 ,501,0.35164,14.374,1,0.283,2.34,17,6,0.028690618705208348,Evening,High
2023-03-26 19:12:48,2023-03-26,19:12:48 ,189,0.13039,13.904,2,0.347,2.052,19,6,0.07356613717689875,Evening,Medium
2023-03-26 19:28:30,2023-03-26,19:28:30 ,31,0.0214,23.127,2,0.288,2.448,19,6,0.7460322339989601,Evening,Low
2023-03-26 21:10:46,2023-03-26,21:10:46 ,84,0.05477,15.023,1,0.279,3.132,21,6,0.17884523596612814,Night,Medium
2023-03-26 21:23:31,2023-03-26,21:23:31 ,76,0.0421,51.5,1,0.28,3.204,21,6,0.6776315700311636,Night,Medium
2023-03-26 21:34:56,2023-03-26,21:34:56 ,41,0.02487,0.225,3,0.306,2.592,21,6,0.005487804744199885,Night,Medium
2023-03-26 22:16:26,2023-03-26,22:16:26 ,37,0.02653,41.889,3,0.327,3.888,22,6,1.1321351045368893,Night,Medium
2023-03-26 23:19:50,2023-03-26,23:19:50 ,21,0.01402,0.171,2,0.265,4.464,23,6,0.00814285675510206,Night,Low
2023-03-27 08:58:35,2023-03-27,08:58:35 ,26,0.01767,60.514,3,0.269,4.752,8,0,2.3274614489437906,Morning,Low
2023-03-27 13:27:30,2023-03-27,13:27:30 ,240,0.16143,18.976,3,0.274,3.924,13,0,0.07906666633722222,Afternoon,High
2023-03-27 13:48:15,2023-03-27,13:48:15 ,20,0.01326,0.215,3,0.274,2.988,13,0,0.010749999462500026,Afternoon,Low
2023-03-27 14:10:38,2023-03-27,14:10:38 ,8,0.0056,60.514,2,0.314,2.88,14,0,7.56424905446887,Afternoon,Low
2023-03-27 18:32:19,2023-03-27,18:32:19 ,50,0.0345,14.759,1,0.283,5.4,18,0,0.29517999409640017,Evening,Medium
2023-03-27 18:42:59,2023-03-27,18:42:59 ,10,0.0069,15.501,2,0.292,5.292,18,0,1.5500998449900156,Evening,Low
2023-03-27 20:36:57,2023-03-27,20:36:57 ,22,0.01167,15.86,1,0.294,5.364,20,0,0.7209090581404973,Evening,Low
2023-03-27 21:23:57,2023-03-27,21:23:57 ,15,0.01028,2.914,1,0.277,5.004,21,0,0.19426665371555643,Night,Low
2023-03-28 11:44:10,2023-03-28,11:44:10 ,110,0.07606,25.559,2,0.276,4.788,11,1,0.23235454334223143,Morning,Medium
2023-03-28 11:52:21,2023-03-28,11:52:21 ,2,0.00138,15.22,2,0.325,4.824,11,1,7.609996195001902,Morning,Low
2023-03-28 19:44:18,2023-03-28,19:44:18 ,79,0.05233,15.081,10,0.293,3.708,19,1,0.19089873176077554,Evening,Medium
2023-03-28 20:15:46,2023-03-28,20:15:46 ,454,0.2903,13.04,7,0.302,4.824,20,1,0.028722466897087077,Evening,High
2023-03-28 20:30:22,2023-03-28,20:30:22 ,465,0.30205,9.172,13,0.295,5.004,20,1,0.019724731140376924,Evening,High
2023-03-28 21:03:51,2023-03-28,21:03:51 ,11,0.00836,13.074,5,0.303,5.04,21,1,1.1885453464958777,Night,Low
2023-03-28 22:59:31,2023-03-28,22:59:31 ,365,0.219,13.257,2,0.315,4.86,22,1,0.036320547845697125,Night,High
2023-03-28 22:59:35,2023-03-28,22:59:35 ,377,0.21388,13.844,1,0.303,5.076,22,1,0.03672148531373611,Night,High
2023-03-28 22:59:36,2023-03-28,22:59:36 ,5,0.0024,12.621,2,0.296,5.22,22,1,2.524199495160101,Night,Low
2023-03-28 22:59:46,2023-03-28,22:59:46 ,9,0.00624,13.991,1,0.301,5.148,22,1,1.5545553828271799,Night,Low
2023-03-28 22:59:49,2023-03-28,22:59:49 ,2,0.00138,15.038,2,0.304,5.004,22,1,7.518996240501879,Night,Low
2023-03-28 23:10:35,2023-03-28,23:10:35 ,86,0.05934,18.35,1,0.292,5.328,23,1,0.213372090542185,Night,Medium
2023-03-29 01:13:15,2023-03-29,01:13:15 ,9,0.00639,0.179,1,0.312,5.076,1,2,0.01988888667901259,Night,Low
2023-03-29 01:31:53,2023-03-29,01:31:53 ,13,0.00588,7.012,6,0.311,5.148,1,2,0.5393845738934944,Night,Low
2023-03-29 09:22:39,2023-03-29,09:22:39 ,10,0.007,32.929,1,0.32,5.004,9,2,3.2928996707100335,Morning,Low
2023-03-29 13:11:20,2023-03-29,13:11:20 ,185,0.12805,0.207,1,0.295,3.42,13,2,0.0011189189128707085,Afternoon,Medium
2023-03-29 13:21:19,2023-03-29,13:21:19 ,144,0.09966,16.388,1,0.287,1.8,13,2,0.11380555476523922,Afternoon,Medium
2023-03-29 13:31:19,2023-03-29,13:31:19 ,526,0.36296,19.404,3,0.325,2.016,13,2,0.03688973377017161,Afternoon,High
2023-03-29 13:43:01,2023-03-29,13:43:01 ,46,0.02891,15.441,1,0.289,2.016,13,2,0.33567390574621947,Afternoon,Medium
2023-03-29 14:05:27,2023-03-29,14:05:27 ,118,0.08142,14.352,1,0.296,4.86,14,2,0.12162711761332952,Afternoon,Medium
2023-03-29 17:48:37,2023-03-29,17:48:37 ,230,0.15826,12.023,1,0.325,5.112,17,2,0.05227391281620038,Evening,Medium
2023-03-29 17:58:50,2023-03-29,17:58:50 ,293,0.20287,15.253,1,0.271,5.04,17,2,0.052058020300143275,Evening,High
2023-03-29 18:08:49,2023-03-29,18:08:49 ,42,0.02905,12.021,1,0.29,4.176,18,2,0.28621427889966006,Evening,Medium
2023-03-29 19:09:25,2023-03-29,19:09:25 ,332,0.21209,28.277,1,0.28,3.06,19,2,0.08517168649044674,Evening,High
2023-03-29 19:26:54,2023-03-29,19:26:54 ,185,0.12802,0.221,1,0.28,3.312,19,2,0.0011945945881373266,Evening,Medium
2023-03-29 19:37:06,2023-03-29,19:37:06 ,290,0.19971,23.835,1,0.274,5.58,19,2,0.08218965488900119,Evening,High
2023-03-29 19:47:06,2023-03-29,19:47:06 ,215,0.14844,0.179,1,0.279,5.472,19,2,0.0008325581356625202,Evening,Medium
2023-03-29 19:57:23,2023-03-29,19:57:23 ,258,0.1783,25.71,3,0.289,5.22,19,2,0.09965116240445286,Evening,High
2023-03-29 20:07:33,2023-03-29,20:07:33 ,266,0.18377,1.912,3,0.287,5.328,20,2,0.007187969897789586,Evening,High
2023-03-29 21:14:20,2023-03-29,21:14:20 ,54,0.0367,28.389,1,0.335,3.852,21,2,0.5257222124866258,Night,Medium
2023-03-29 21:58:14,2023-03-29,21:58:14 ,6,0.00432,0.179,3,0.333,4.968,21,2,0.029833328361111938,Night,Low
2023-03-30 12:22:40,2023-03-30,12:22:40 ,12,0.00856,13.339,4,0.271,4.572,12,3,1.1115832407013968,Afternoon,Low
2023-03-30 14:12:11,2023-03-30,14:12:11 ,9,0.00657,7.867,4,0.289,4.464,14,3,0.8741110139876652,Afternoon,Low
2023-03-30 17:09:16,2023-03-30,17:09:16 ,41,0.02752,12.616,1,0.335,5.076,17,3,0.30770730956811443,Evening,Medium
2023-03-30 18:17:50,2023-03-30,18:17:50 ,349,0.24187,7.732,1,0.333,5.076,18,3,0.022154727730215682,Evening,High
2023-03-30 19:40:16,2023-03-30,19:40:16 ,980,0.65131,23.688,5,0.337,3.564,19,3,0.024171428546763848,Evening,High
2023-03-30 19:43:17,2023-03-30,19:43:17 ,726,0.4686,0.179,2,0.284,4.68,19,3,0.0002465564734895916,Evening,High
2023-03-30 20:19:18,2023-03-30,20:19:18 ,1065,0.6934,20.359,1,0.278,4.428,20,3,0.019116431906932928,Evening,High
2023-03-30 20:29:18,2023-03-30,20:29:18 ,831,0.53742,15.27,3,0.282,4.536,20,3,0.01837545124142545,Evening,High
2023-03-30 20:42:52,2023-03-30,20:42:52 ,126,0.08264,0.315,3,0.271,4.212,20,3,0.0024999999801587304,Evening,Medium
2023-03-30 23:06:23,2023-03-30,23:06:23 ,62,0.04274,4.044,3,0.274,3.852,23,3,0.06522580539958378,Night,Medium
2023-03-30 23:21:50,2023-03-30,23:21:50 ,25,0.0168,40.197,1,0.271,4.32,23,3,1.6078799356848026,Night,Low
2023-03-31 14:47:58,2023-03-31,14:47:58 ,22,0.01356,14.768,3,0.268,4.536,14,4,0.671272696760332,Afternoon,Low
2023-03-31 15:27:44,2023-03-31,15:27:44 ,15,0.01013,15.663,2,0.268,4.284,15,4,1.0441999303866714,Afternoon,Low
2023-03-31 16:55:16,2023-03-31,16:55:16 ,485,0.31879,12.988,1,0.287,4.212,16,4,0.02677938138808375,Afternoon,High
2023-03-31 16:58:56,2023-03-31,16:58:56 ,1046,0.70118,5.592,3,0.276,4.644,16,4,0.005346080300816366,Afternoon,High
2023-03-31 17:13:05,2023-03-31,17:13:05 ,159,0.10203,12.996,3,0.276,3.924,17,4,0.08173584854254183,Evening,Medium
2023-03-31 17:27:34,2023-03-31,17:27:34 ,260,0.1733,23.428,1,0.272,1.944,17,4,0.09010769196112427,Evening,High
2023-03-31 17:44:36,2023-03-31,17:44:36 ,248,0.17382,0.221,3,0.263,1.548,17,4,0.0008911290286648024,Evening,High
2023-03-31 17:55:55,2023-03-31,17:55:55 ,1082,0.69055,16.43,3,0.261,1.8,17,4,0.015184842869514931,Evening,High
2023-03-31 18:11:50,2023-03-31,18:11:50 ,543,0.33979,11.196,3,0.286,3.312,18,4,0.020618784492414763,Evening,High
2023-03-31 18:23:45,2023-03-31,18:23:45 ,393,0.27446,15.54,1,0.354,3.528,18,4,0.03954198463220869,Evening,High
2023-03-31 18:34:38,2023-03-31,18:34:38 ,197,0.13535,0.179,3,0.282,3.456,18,4,0.0009086294370120333,Evening,Medium
2023-03-31 23:05:40,2023-03-31,23:05:40 ,16,0.01136,3.505,4,0.262,4.428,23,4,0.2190624863085946,Night,Low
2023-04-01 00:08:20,2023-04-01,00:08:20 ,36,0.02504,0.179,2,0.286,4.788,0,5,0.004972222084104942,Night,Low
2023-04-01 08:45:13,2023-04-01,08:45:13 ,99,0.0685,4.267,2,0.297,3.312,8,5,0.043101009665646374,Morning,Medium
2023-04-01 10:26:24,2023-04-01,10:26:24 ,3,0.00207,0.179,1,0.338,4.608,10,5,0.0596666467777844,Morning,Low
2023-04-01 11:00:51,2023-04-01,11:00:51 ,31,0.01585,0.179,2,0.327,4.536,11,5,0.005774193362122794,Morning,Low
2023-04-01 12:57:00,2023-04-01,12:57:00 ,275,0.19228,1.326,2,0.298,1.836,12,5,0.004821818164284298,Afternoon,High
2023-04-01 14:24:46,2023-04-01,14:24:46 ,276,0.18943,0.201,3,0.291,3.492,14,5,0.0007282608669265911,Afternoon,High
2023-04-01 15:05:42,2023-04-01,15:05:42 ,149,0.10281,16.44,1,0.306,5.436,15,5,0.11033556972929148,Afternoon,Medium
2023-04-01 16:04:23,2023-04-01,16:04:23 ,87,0.05872,13.162,3,0.298,5.364,16,5,0.151287354582904,Afternoon,Medium
2023-04-01 16:33:18,2023-04-01,16:33:18 ,37,0.02039,4.135,1,0.295,5.4,16,5,0.11175675373630395,Afternoon,Medium
2023-04-01 16:49:49,2023-04-01,16:49:49 ,969,0.65379,31.416,3,0.274,5.292,16,5,0.03242105259812069,Afternoon,High
2023-04-01 17:09:06,2023-04-01,17:09:06 ,640,0.42356,13.25,6,0.282,4.86,17,5,0.02070312496765137,Evening,High
2023-04-01 17:47:07,2023-04-01,17:47:07 ,1081,0.67835,14.131,1,0.265,5.04,17,5,0.013072155399563223,Evening,High
